Name,Email,Url,Bio
Sarah Chen,sarah@innovateai.tech,https://innovateai.tech,"AI Solutions Architect with expertise in NLP and computer vision applications."
Marcus Rodriguez,marcus@datapilot.io,https://datapilot.io,"Founder of DataPilot, specializing in enterprise AI integration and automation."
Elena Popov,elena@quantumcode.dev,https://quantumcode.dev,"Former Google engineer focused on quantum computing and AI applications."
James Wilson,james@aiforge.consulting,https://aiforge.consulting,"AI strategy consultant helping startups scale their ML operations."
Priya Patel,priya@mlsolutions.co,https://mlsolutions.co,"Machine Learning expert specializing in healthcare AI applications."
David Kim,david@nexusai.systems,https://nexusai.systems,"CEO of Nexus AI Systems, building AI-powered business automation tools."
Lisa Thompson,lisa@cognitivestack.io,https://cognitivestack.io,"AI researcher turned entrepreneur, focusing on edge computing solutions."
Ahmed Hassan,ahmed@neuralbridge.ai,https://neuralbridge.ai,"Founder of Neural Bridge, developing AI solutions for financial services."
Maya Singh,maya@aifusion.tech,https://aifusion.tech,"Technical lead specializing in computer vision and robotics integration."
Robert Chen,robert@deeplearn.consulting,https://deeplearn.consulting,"AI education specialist and technical consultant for Fortune 500 companies."
Jennifer Adams,jennifer@cloudscale.ventures,https://cloudscale.ventures,"Venture capitalist focused on early-stage AI and cloud infrastructure startups."
Michael O'Connor,michael@synthtech.solutions,https://synthtech.solutions,"CTO at SynthTech, developing synthetic data solutions for ML training."
Natasha Volkov,natasha@quantumlabs.research,https://quantumlabs.research,"Quantum computing researcher with focus on quantum machine learning algorithms."
Carlos Mendoza,carlos@automate.pro,https://automate.pro,"Automation specialist helping enterprises implement RPA and AI workflows."
Keiko Tanaka,keiko@smartcity.innovations,https://smartcity.innovations,"Smart city technology consultant specializing in IoT and AI integration."
Thomas Anderson,thomas@blockchain.ai,https://blockchain.ai,"Blockchain developer integrating AI solutions for decentralized applications."
Sophia Martinez,sophia@nlp.dynamics,https://nlp.dynamics,"NLP engineer specializing in multilingual chatbots and voice assistants."
Ryan Murphy,ryan@edgecompute.systems,https://edgecompute.systems,"Edge computing architect designing AI solutions for IoT deployments."
Aisha Okafor,aisha@healthai.africa,https://healthai.africa,"Healthcare AI researcher developing diagnostic tools for emerging markets."
Daniel Zhang,daniel@fintech.algorithms,https://fintech.algorithms,"Algorithmic trading specialist implementing AI for quantitative finance."
Isabella Garcia,isabella@sustainable.ai,https://sustainable.ai,"Environmental AI researcher focused on climate change modeling and solutions."
Oliver Schmidt,oliver@robotics.munich,https://robotics.munich,"Robotics engineer developing autonomous systems for manufacturing."
Fatima Al-Zahra,fatima@cybersec.guardians,https://cybersec.guardians,"Cybersecurity expert specializing in AI-powered threat detection systems."
Lucas Silva,lucas@agritech.brasil,https://agritech.brasil,"Agricultural technology developer using AI for crop optimization and monitoring."
Nina Petersen,nina@nordic.datascience,https://nordic.datascience,"Data scientist and AI consultant for Scandinavian tech companies."
Alex Thompson,alex@conversational.ai,https://conversational.ai,"Conversational AI designer creating enterprise chatbot solutions."
Yuki Nakamura,yuki@autonomous.vehicles,https://autonomous.vehicles,"Autonomous vehicle engineer working on self-driving car AI systems."
Benjamin Lee,benjamin@predictive.analytics,https://predictive.analytics,"Predictive analytics specialist for supply chain and logistics optimization."
Camila Torres,camila@media.intelligence,https://media.intelligence,"Media AI researcher developing content recommendation and generation systems."
Raj Sharma,raj@manufacturing.intelligence,https://manufacturing.intelligence,"Industrial AI consultant optimizing factory operations and quality control."
Emma Johansson,emma@quantum.security,https://quantum.security,"Quantum cryptography researcher developing post-quantum security solutions."
Hassan Ali,hassan@language.models,https://language.models,"NLP researcher specializing in Arabic language processing and translation."
Grace Kim,grace@retail.optimization,https://retail.optimization,"Retail AI specialist implementing personalization and inventory optimization."
Pierre Dubois,pierre@automotive.intelligence,https://automotive.intelligence,"Automotive AI engineer developing smart vehicle infotainment systems."
Zara Mitchell,zara@legal.automation,https://legal.automation,"Legal tech entrepreneur automating contract analysis and compliance."
Dmitri Volkov,dmitri@space.analytics,https://space.analytics,"Aerospace engineer using AI for satellite data analysis and space exploration."
Aaliyah Johnson,aaliyah@social.impact.ai,https://social.impact.ai,"Social impact technologist using AI for humanitarian and development projects."
Francesco Rossi,francesco@fashion.intelligence,https://fashion.intelligence,"Fashion tech innovator applying AI to design and trend prediction."
Leila Khouri,leila@energy.optimization,https://energy.optimization,"Energy sector AI consultant optimizing renewable energy grid management."
Sebastian Wagner,sebastian@sports.analytics,https://sports.analytics,"Sports data scientist developing AI models for performance analysis."
Ava Washington,ava@education.adaptive,https://education.adaptive,"Educational AI researcher creating personalized learning platforms."
Hiroshi Sato,hiroshi@gaming.intelligence,https://gaming.intelligence,"Game AI developer creating intelligent NPCs and procedural content generation."
Chloe Brown,chloe@mental.health.ai,https://mental.health.ai,"Digital health specialist developing AI-powered mental health assessment tools."
Igor Petrov,igor@space.robotics,https://space.robotics,"Space robotics engineer designing AI systems for planetary exploration."
Amara Osei,amara@microfinance.ai,https://microfinance.ai,"Financial inclusion advocate using AI for credit scoring in developing markets."
Viktor Larsson,viktor@transport.optimization,https://transport.optimization,"Transportation AI specialist optimizing logistics and route planning systems."
Noor Al-Hassan,noor@renewable.intelligence,https://renewable.intelligence,"Clean energy researcher using AI for solar and wind power optimization."
Leo Chen,leo@quantum.applications,https://quantum.applications,"Quantum software developer building practical quantum computing applications."
Maya Rodriguez,maya@ocean.monitoring,https://ocean.monitoring,"Marine AI researcher developing systems for ocean health and climate monitoring."
Finn Nielsen,finn@agricultural.drones,https://agricultural.drones,"Precision agriculture specialist using AI-powered drone technology for farming."